locality,region,pop,proper
alabaster,al,33873,Alabaster
albertville,al,22726,Albertville
anniston,al,21182,Anniston
athens,al,28661,Athens
auburn,al,80006,Auburn
bessemer,al,25264,Bessemer
birmingham,al,196910,Birmingham
daphne,al,29670,Daphne
decatur,al,57922,Decatur
dothan,al,71235,Dothan
enterprise,al,29767,Enterprise
fairhope,al,23859,Fairhope
florence,al,41690,Florence
foley,al,23577,Foley
gadsden,al,33335,Gadsden
helena,al,21862,Helena
homewood,al,27864,Homewood
hoover,al,92435,Hoover
huntsville,al,221933,Huntsville
madison,al,59785,Madison
mobile,al,183289,Mobile
montgomery,al,196986,Montgomery
mountain-brook,al,21955,Mountain Brook
northport,al,31004,Northport
opelika,al,32787,Opelika
oxford,al,22002,Oxford
pelham,al,24755,Pelham
phenix-city,al,38267,Phenix City
prattville,al,38776,Prattville
trussville,al,26520,Trussville
tuscaloosa,al,110602,Tuscaloosa
vestavia-hills,al,38292,Vestavia Hills
anchorage,ak,287145,Anchorage
fairbanks,ak,32107,Fairbanks
juneau-and,ak,31685,Juneau and
apache-junction,az,40173,Apache Junction
avondale,az,91617,Avondale
buckeye,az,105567,Buckeye
bullhead-city,az,42920,Bullhead City
casa-grande,az,60032,Casa Grande
chandler,az,280711,Chandler
el-mirage,az,35985,El Mirage
flagstaff,az,75907,Flagstaff
florence,az,24795,Florence
fountain-hills,az,23785,Fountain Hills
gilbert,az,275346,Gilbert
glendale,az,252136,Glendale
goodyear,az,105406,Goodyear
kingman,az,34918,Kingman
lake-havasu-city,az,58926,Lake Havasu City
marana,az,55962,Marana
maricopa,az,66290,Maricopa
mesa,az,512498,Mesa
oro-valley,az,48226,Oro Valley
peoria,az,197866,Peoria
phoenix,az,1644409,Phoenix
prescott,az,47603,Prescott
prescott-valley,az,49075,Prescott Valley
queen-creek,az,70734,Queen Creek
sahuarita,az,35638,Sahuarita
san-luis,az,35770,San Luis
scottsdale,az,243050,Scottsdale
sierra-vista,az,45439,Sierra Vista
surprise,az,154198,Surprise
tempe,az,185950,Tempe
tucson,az,546574,Tucson
yuma,az,98527,Yuma
bella-vista,ar,31733,Bella Vista
benton,ar,36593,Benton
bentonville,ar,57868,Bentonville
bryant,ar,21501,Bryant
cabot,ar,26844,Cabot
centerton,ar,21525,Centerton
conway,ar,67617,Conway
fayetteville,ar,99285,Fayetteville
fort-smith,ar,89992,Fort Smith
hot-springs,ar,38109,Hot Springs
jacksonville,ar,29130,Jacksonville
jonesboro,ar,79876,Jonesboro
little-rock,ar,202864,Little Rock
north-little-rock,ar,64627,North Little Rock
paragould,ar,30178,Paragould
pine-bluff,ar,39495,Pine Bluff
rogers,ar,72999,Rogers
russellville,ar,29133,Russellville
searcy,ar,23009,Searcy
sherwood,ar,33082,Sherwood
springdale,ar,87672,Springdale
texarkana,ar,29306,Texarkana
van-buren,ar,23755,Van Buren
west-memphis,ar,23795,West Memphis
adelanto,ca,38783,Adelanto
alameda,ca,76040,Alameda
alhambra,ca,80259,Alhambra
aliso-viejo,ca,51221,Aliso Viejo
american-canyon,ca,21432,American Canyon
anaheim,ca,344461,Anaheim
antioch,ca,115264,Antioch
apple-valley,ca,75867,Apple Valley
arcadia,ca,54857,Arcadia
atascadero,ca,29684,Atascadero
atwater,ca,32372,Atwater
azusa,ca,48824,Azusa
bakersfield,ca,410647,Bakersfield
baldwin-park,ca,69455,Baldwin Park
banning,ca,30683,Banning
barstow,ca,25231,Barstow
beaumont,ca,56349,Beaumont
bell,ca,32466,Bell
bell-gardens,ca,37927,Bell Gardens
bellflower,ca,76405,Bellflower
belmont,ca,26773,Belmont
benicia,ca,26567,Benicia
berkeley,ca,118950,Berkeley
beverly-hills,ca,31326,Beverly Hills
brawley,ca,26862,Brawley
brea,ca,46993,Brea
brentwood,ca,66127,Brentwood
buena-park,ca,82450,Buena Park
burbank,ca,103920,Burbank
burlingame,ca,30559,Burlingame
calabasas,ca,22491,Calabasas
calexico,ca,38249,Calexico
camarillo,ca,70282,Camarillo
campbell,ca,42286,Campbell
carlsbad,ca,114160,Carlsbad
carson,ca,92388,Carson
cathedral-city,ca,52494,Cathedral City
ceres,ca,48988,Ceres
cerritos,ca,47475,Cerritos
chico,ca,101299,Chico
chino,ca,93140,Chino
chino-hills,ca,77949,Chino Hills
chula-vista,ca,279170,Chula Vista
citrus-heights,ca,86433,Citrus Heights
claremont,ca,36001,Claremont
clovis,ca,124556,Clovis
coachella,ca,42835,Coachella
colton,ca,53918,Colton
compton,ca,91988,Compton
concord,ca,122625,Concord
corcoran,ca,22837,Corcoran
corona,ca,159567,Corona
costa-mesa,ca,109521,Costa Mesa
covina,ca,49489,Covina
cudahy,ca,21969,Cudahy
culver-city,ca,39515,Culver City
cupertino,ca,57856,Cupertino
cypress,ca,49243,Cypress
daly-city,ca,100007,Daly City
dana-point,ca,32465,Dana Point
danville,ca,42732,Danville
davis,ca,67048,Davis
delano,ca,50843,Delano
desert-hot-springs,ca,33091,Desert Hot Springs
diamond-bar,ca,52855,Diamond Bar
dinuba,ca,25285,Dinuba
downey,ca,109934,Downey
duarte,ca,21807,Duarte
dublin,ca,72060,Dublin
east-palo-alto,ca,28383,East Palo Alto
eastvale,ca,71024,Eastvale
el-cajon,ca,104414,El Cajon
el-centro,ca,43811,El Centro
el-cerrito,ca,25583,El Cerrito
el-monte,ca,105312,El Monte
el-paso-de-robles-paso-robles,ca,31544,El Paso de Robles (Paso Robles)
elk-grove,ca,177558,Elk Grove
encinitas,ca,61369,Encinitas
escondido,ca,150270,Escondido
eureka,ca,26129,Eureka
fairfield,ca,119338,Fairfield
folsom,ca,83269,Folsom
fontana,ca,212475,Fontana
foster-city,ca,32026,Foster City
fountain-valley,ca,55930,Fountain Valley
fremont,ca,223871,Fremont
fresno,ca,545567,Fresno
fullerton,ca,140541,Fullerton
galt,ca,25411,Galt
garden-grove,ca,169254,Garden Grove
gardena,ca,58843,Gardena
gilroy,ca,58005,Gilroy
glendale,ca,189221,Glendale
glendora,ca,50824,Glendora
goleta,ca,32432,Goleta
hanford,ca,58470,Hanford
hawthorne,ca,84563,Hawthorne
hayward,ca,156754,Hayward
hemet,ca,90689,Hemet
hercules,ca,25920,Hercules
hesperia,ca,100744,Hesperia
highland,ca,56705,Highland
hollister,ca,44218,Hollister
huntington-beach,ca,194310,Huntington Beach
huntington-park,ca,52633,Huntington Park
imperial,ca,21233,Imperial
imperial-beach,ca,25791,Imperial Beach
indio,ca,91980,Indio
inglewood,ca,103621,Inglewood
irvine,ca,313685,Irvine
jurupa-valley,ca,107609,Jurupa Valley
la-habra,ca,61978,La Habra
la-mesa,ca,60360,La Mesa
la-mirada,ca,46323,La Mirada
la-puente,ca,36636,La Puente
la-quinta,ca,38392,La Quinta
la-verne,ca,30380,La Verne
lafayette,ca,25044,Lafayette
laguna-beach,ca,22583,Laguna Beach
laguna-hills,ca,30568,Laguna Hills
laguna-niguel,ca,63742,Laguna Niguel
lake-elsinore,ca,71898,Lake Elsinore
lake-forest,ca,85638,Lake Forest
lakewood,ca,79063,Lakewood
lancaster,ca,169185,Lancaster
lathrop,ca,33670,Lathrop
lawndale,ca,30576,Lawndale
lemon-grove,ca,27224,Lemon Grove
lemoore,ca,27185,Lemoore
lincoln,ca,52534,Lincoln
livermore,ca,84701,Livermore
lodi,ca,67258,Lodi
loma-linda,ca,25129,Loma Linda
lomita,ca,20053,Lomita
lompoc,ca,43736,Lompoc
long-beach,ca,451307,Long Beach
los-altos,ca,30424,Los Altos
los-angeles,ca,3822238,Los Angeles
los-banos,ca,47044,Los Banos
los-gatos,ca,32402,Los Gatos
lynwood,ca,64086,Lynwood
madera,ca,68050,Madera
manhattan-beach,ca,34137,Manhattan Beach
manteca,ca,86928,Manteca
marina,ca,22503,Marina
martinez,ca,36447,Martinez
maywood,ca,24122,Maywood
menifee,ca,109399,Menifee
menlo-park,ca,32295,Menlo Park
merced,ca,91563,Merced
millbrae,ca,22071,Millbrae
milpitas,ca,77738,Milpitas
mission-viejo,ca,91776,Mission Viejo
modesto,ca,218069,Modesto
monrovia,ca,36893,Monrovia
montclair,ca,37714,Montclair
montebello,ca,60569,Montebello
monterey,ca,29571,Monterey
monterey-park,ca,58554,Monterey Park
moorpark,ca,35514,Moorpark
moreno-valley,ca,211924,Moreno Valley
morgan-hill,ca,44973,Morgan Hill
mountain-view,ca,81059,Mountain View
murrieta,ca,113783,Murrieta
napa,ca,78315,Napa
national-city,ca,55550,National City
newark,ca,47312,Newark
newport-beach,ca,83993,Newport Beach
norco,ca,25042,Norco
norwalk,ca,98537,Norwalk
novato,ca,52184,Novato
oakdale,ca,23176,Oakdale
oakland,ca,430553,Oakland
oakley,ca,44688,Oakley
oceanside,ca,172199,Oceanside
ontario,ca,179061,Ontario
orange,ca,136178,Orange
oroville,ca,20041,Oroville
oxnard,ca,200415,Oxnard
pacifica,ca,36517,Pacifica
palm-desert,ca,51583,Palm Desert
palm-springs,ca,45223,Palm Springs
palmdale,ca,163463,Palmdale
palo-alto,ca,66010,Palo Alto
paramount,ca,51653,Paramount
pasadena,ca,134211,Pasadena
patterson,ca,23833,Patterson
perris,ca,80263,Perris
petaluma,ca,58652,Petaluma
pico-rivera,ca,59781,Pico Rivera
pittsburg,ca,77572,Pittsburg
placentia,ca,51951,Placentia
pleasant-hill,ca,33913,Pleasant Hill
pleasanton,ca,76689,Pleasanton
pomona,ca,146017,Pomona
port-hueneme,ca,21407,Port Hueneme
porterville,ca,62998,Porterville
poway,ca,48078,Poway
rancho-cordova,ca,80598,Rancho Cordova
rancho-cucamonga,ca,176336,Rancho Cucamonga
rancho-palos-verdes,ca,40527,Rancho Palos Verdes
rancho-santa-margarita,ca,46722,Rancho Santa Margarita
redding,ca,92906,Redding
redlands,ca,73849,Redlands
redondo-beach,ca,68918,Redondo Beach
redwood-city,ca,80512,Redwood City
reedley,ca,25441,Reedley
rialto,ca,103545,Rialto
richmond,ca,114301,Richmond
ridgecrest,ca,28346,Ridgecrest
riverbank,ca,24826,Riverbank
riverside,ca,320764,Riverside
rocklin,ca,73857,Rocklin
rohnert-park,ca,44326,Rohnert Park
rosemead,ca,49791,Rosemead
roseville,ca,154817,Roseville
sacramento,ca,528001,Sacramento
salinas,ca,161020,Salinas
san-bernardino,ca,220328,San Bernardino
san-bruno,ca,41533,San Bruno
san-buenaventura-ventura,ca,109527,San Buenaventura (Ventura)
san-carlos,ca,29586,San Carlos
san-clemente,ca,63457,San Clemente
san-diego,ca,1381162,San Diego
san-dimas,ca,33535,San Dimas
san-fernando,ca,23685,San Fernando
san-francisco,ca,808437,San Francisco
san-gabriel,ca,38140,San Gabriel
san-jacinto,ca,55470,San Jacinto
san-jose,ca,971233,San Jose
san-juan-capistrano,ca,34548,San Juan Capistrano
san-leandro,ca,86762,San Leandro
san-luis-obispo,ca,48341,San Luis Obispo
san-marcos,ca,94854,San Marcos
san-mateo,ca,100984,San Mateo
san-pablo,ca,31389,San Pablo
san-rafael,ca,59971,San Rafael
san-ramon,ca,85953,San Ramon
sanger,ca,26600,Sanger
santa-ana,ca,308189,Santa Ana
santa-barbara,ca,87533,Santa Barbara
santa-clara,ca,126930,Santa Clara
santa-clarita,ca,221345,Santa Clarita
santa-cruz,ca,61800,Santa Cruz
santa-maria,ca,110125,Santa Maria
santa-monica,ca,89947,Santa Monica
santa-paula,ca,31018,Santa Paula
santa-rosa,ca,177181,Santa Rosa
santee,ca,59051,Santee
saratoga,ca,29903,Saratoga
seal-beach,ca,24627,Seal Beach
seaside,ca,31478,Seaside
selma,ca,24430,Selma
shafter,ca,21282,Shafter
simi-valley,ca,124398,Simi Valley
soledad,ca,24190,Soledad
south-gate,ca,90926,South Gate
south-lake-tahoe,ca,21175,South Lake Tahoe
south-pasadena,ca,25850,South Pasadena
south-san-francisco,ca,63484,South San Francisco
stanton,ca,38952,Stanton
stockton,ca,321819,Stockton
suisun-city,ca,28949,Suisun City
sunnyvale,ca,153091,Sunnyvale
temecula,ca,111752,Temecula
temple-city,ca,35296,Temple City
thousand-oaks,ca,124265,Thousand Oaks
torrance,ca,141126,Torrance
tracy,ca,97328,Tracy
tulare,ca,70693,Tulare
turlock,ca,72309,Turlock
tustin,ca,78418,Tustin
twentynine-palms,ca,28158,Twentynine Palms
union-city,ca,67039,Union City
upland,ca,78841,Upland
vacaville,ca,101918,Vacaville
vallejo,ca,123564,Vallejo
victorville,ca,137221,Victorville
visalia,ca,143966,Visalia
vista,ca,97766,Vista
walnut,ca,27356,Walnut
walnut-creek,ca,68969,Walnut Creek
wasco,ca,27731,Wasco
watsonville,ca,51525,Watsonville
west-covina,ca,105013,West Covina
west-hollywood,ca,34514,West Hollywood
west-sacramento,ca,55064,West Sacramento
westminster,ca,89397,Westminster
whittier,ca,84496,Whittier
wildomar,ca,37214,Wildomar
windsor,ca,25789,Windsor
woodland,ca,61462,Woodland
yorba-linda,ca,67089,Yorba Linda
yuba-city,ca,69014,Yuba City
yucaipa,ca,54420,Yucaipa
yucca-valley,ca,21662,Yucca Valley
arvada,co,121581,Arvada
aurora,co,393537,Aurora
boulder,co,105485,Boulder
brighton,co,41881,Brighton
broomfield,co,76121,Broomfield
castle-rock,co,80191,Castle Rock
centennial,co,105865,Centennial
colorado-springs,co,486248,Colorado Springs
commerce-city,co,66115,Commerce City
denver,co,713252,Denver
englewood,co,33642,Englewood
erie,co,33104,Erie
evans,co,22619,Evans
fort-collins,co,169249,Fort Collins
fountain,co,28907,Fountain
golden,co,20460,Golden
grand-junction,co,68034,Grand Junction
greeley,co,109209,Greeley
lafayette,co,30699,Lafayette
lakewood,co,156120,Lakewood
littleton,co,44755,Littleton
longmont,co,98687,Longmont
louisville,co,20560,Louisville
loveland,co,77884,Loveland
montrose,co,21003,Montrose
northglenn,co,38106,Northglenn
parker,co,61222,Parker
pueblo,co,111456,Pueblo
thornton,co,143282,Thornton
westminster,co,114533,Westminster
wheat-ridge,co,31879,Wheat Ridge
windsor,co,38510,Windsor
bridgeport,ct,148377,Bridgeport
bristol,ct,61330,Bristol
danbury,ct,86967,Danbury
hartford,ct,120686,Hartford
meriden,ct,60242,Meriden
middletown,ct,48729,Middletown
milford,ct,50471,Milford
naugatuck,ct,31705,Naugatuck
new-britain,ct,74396,New Britain
new-haven,ct,138915,New Haven
new-london,ct,27980,New London
norwalk,ct,91401,Norwalk
norwich,ct,40009,Norwich
shelton,ct,41897,Shelton
stamford,ct,136188,Stamford
torrington,ct,35563,Torrington
waterbury,ct,115016,Waterbury
west-haven,ct,55004,West Haven
dover,de,38594,Dover
middletown,de,24698,Middletown
newark,de,30453,Newark
wilmington,de,71569,Wilmington
washington,dc,671803,Washington
altamonte-springs,fl,45538,Altamonte Springs
apopka,fl,57017,Apopka
aventura,fl,38930,Aventura
boca-raton,fl,99009,Boca Raton
bonita-springs,fl,56370,Bonita Springs
boynton-beach,fl,80859,Boynton Beach
bradenton,fl,56961,Bradenton
cape-coral,fl,216992,Cape Coral
casselberry,fl,29901,Casselberry
clearwater,fl,117027,Clearwater
clermont,fl,46506,Clermont
coconut-creek,fl,57348,Coconut Creek
cooper-city,fl,34106,Cooper City
coral-gables,fl,49193,Coral Gables
coral-springs,fl,133369,Coral Springs
crestview,fl,28234,Crestview
cutler-bay,fl,43958,Cutler Bay
dania-beach,fl,31658,Dania Beach
davie,fl,106513,Davie
daytona-beach,fl,77958,Daytona Beach
debary,fl,22956,DeBary
deerfield-beach,fl,86772,Deerfield Beach
deland,fl,41324,DeLand
delray-beach,fl,67030,Delray Beach
deltona,fl,97267,Deltona
doral,fl,76983,Doral
dunedin,fl,36059,Dunedin
edgewater,fl,23506,Edgewater
estero,fl,37730,Estero
eustis,fl,23961,Eustis
fort-lauderdale,fl,183146,Fort Lauderdale
fort-myers,fl,95949,Fort Myers
fort-pierce,fl,48305,Fort Pierce
fort-walton-beach,fl,20998,Fort Walton Beach
gainesville,fl,145214,Gainesville
greenacres,fl,43795,Greenacres
groveland,fl,22374,Groveland
haines-city,fl,33629,Haines City
hallandale-beach,fl,41202,Hallandale Beach
hialeah,fl,220292,Hialeah
hialeah-gardens,fl,22364,Hialeah Gardens
hollywood,fl,152650,Hollywood
homestead,fl,81562,Homestead
jacksonville,fl,971319,Jacksonville
jacksonville-beach,fl,23521,Jacksonville Beach
jupiter,fl,61126,Jupiter
key-west,fl,25597,Key West
kissimmee,fl,80003,Kissimmee
lake-worth-beach,fl,43201,Lake Worth Beach
lakeland,fl,120071,Lakeland
largo,fl,82487,Largo
lauderdale-lakes,fl,35799,Lauderdale Lakes
lauderhill,fl,73633,Lauderhill
leesburg,fl,29178,Leesburg
lynn-haven,fl,20044,Lynn Haven
margate,fl,58209,Margate
melbourne,fl,86441,Melbourne
miami,fl,449514,Miami
miami-beach,fl,80017,Miami Beach
miami-gardens,fl,110497,Miami Gardens
miami-lakes,fl,30830,Miami Lakes
miramar,fl,137228,Miramar
new-smyrna-beach,fl,32119,New Smyrna Beach
north-lauderdale,fl,44541,North Lauderdale
north-miami,fl,58906,North Miami
north-miami-beach,fl,43023,North Miami Beach
north-port,fl,85099,North Port
oakland-park,fl,43824,Oakland Park
ocala,fl,65478,Ocala
ocoee,fl,48198,Ocoee
orlando,fl,316081,Orlando
ormond-beach,fl,44052,Ormond Beach
oviedo,fl,39580,Oviedo
palm-bay,fl,129234,Palm Bay
palm-beach-gardens,fl,60175,Palm Beach Gardens
palm-coast,fl,98411,Palm Coast
palm-springs,fl,26844,Palm Springs
palmetto-bay,fl,24237,Palmetto Bay
panama-city,fl,34690,Panama City
parkland,fl,36895,Parkland
pembroke-pines,fl,169876,Pembroke Pines
pensacola,fl,53876,Pensacola
pinellas-park,fl,53653,Pinellas Park
plant-city,fl,40367,Plant City
plantation,fl,96042,Plantation
pompano-beach,fl,112302,Pompano Beach
port-orange,fl,64870,Port Orange
port-st-lucie,fl,231790,Port St. Lucie
punta-gorda,fl,20608,Punta Gorda
riviera-beach,fl,38344,Riviera Beach
rockledge,fl,28490,Rockledge
royal-palm-beach,fl,39259,Royal Palm Beach
sanford,fl,63154,Sanford
sarasota,fl,57376,Sarasota
sebastian,fl,26364,Sebastian
st-cloud,fl,64489,St. Cloud
st-petersburg,fl,261256,St. Petersburg
sunny-isles-beach,fl,21996,Sunny Isles Beach
sunrise,fl,96306,Sunrise
tallahassee,fl,201731,Tallahassee
tamarac,fl,71912,Tamarac
tampa,fl,398173,Tampa
tarpon-springs,fl,25890,Tarpon Springs
tavares,fl,20372,Tavares
temple-terrace,fl,27207,Temple Terrace
titusville,fl,49319,Titusville
venice,fl,27272,Venice
wellington,fl,61438,Wellington
west-melbourne,fl,28837,West Melbourne
west-palm-beach,fl,120932,West Palm Beach
weston,fl,67677,Weston
winter-garden,fl,47049,Winter Garden
winter-haven,fl,55024,Winter Haven
winter-park,fl,29816,Winter Park
winter-springs,fl,38705,Winter Springs
acworth,ga,22276,Acworth
albany,ga,67192,Albany
alpharetta,ga,67267,Alpharetta
athens,ga,128561,Athens
atlanta,ga,499127,Atlanta
augusta,ga,202096,Augusta
brookhaven,ga,57934,Brookhaven
canton,ga,35809,Canton
carrollton,ga,27262,Carrollton
cartersville,ga,23904,Cartersville
chamblee,ga,29869,Chamblee
columbus,ga,202616,Columbus
dalton,ga,34366,Dalton
decatur,ga,24338,Decatur
douglasville,ga,37948,Douglasville
duluth,ga,32034,Duluth
dunwoody,ga,52201,Dunwoody
east-point,ga,38380,East Point
gainesville,ga,45282,Gainesville
griffin,ga,23693,Griffin
hinesville,ga,35441,Hinesville
johns-creek,ga,82453,Johns Creek
kennesaw,ga,33552,Kennesaw
lagrange,ga,31773,LaGrange
lawrenceville,ga,30588,Lawrenceville
macon-bibb-county,ga,156197,Macon-Bibb County
marietta,ga,62602,Marietta
mcdonough,ga,30340,McDonough
milton,ga,41836,Milton
newnan,ga,44485,Newnan
peachtree-city,ga,39562,Peachtree City
peachtree-corners,ga,42133,Peachtree Corners
perry,ga,23538,Perry
pooler,ga,28766,Pooler
rome,ga,37913,Rome
roswell,ga,92950,Roswell
sandy-springs,ga,107763,Sandy Springs
savannah,ga,148004,Savannah
smyrna,ga,56160,Smyrna
snellville,ga,22024,Snellville
south-fulton,ga,111158,South Fulton
statesboro,ga,34353,Statesboro
stockbridge,ga,29064,Stockbridge
stonecrest,ga,61087,Stonecrest
sugar-hill,ga,25407,Sugar Hill
suwanee,ga,22477,Suwanee
tucker,ga,36969,Tucker
union-city,ga,27895,Union City
valdosta,ga,55074,Valdosta
warner-robins,ga,82175,Warner Robins
woodstock,ga,37350,Woodstock
urban-honolulu-cdp,hi,343421,Urban Honolulu CDP
boise-city,id,236634,Boise City
caldwell,id,65920,Caldwell
coeur-dalene,id,56733,Coeur d'Alene
eagle,id,32399,Eagle
idaho-falls,id,67723,Idaho Falls
kuna,id,27229,Kuna
lewiston,id,34896,Lewiston
meridian,id,129736,Meridian
moscow,id,26249,Moscow
nampa,id,110951,Nampa
pocatello,id,57730,Pocatello
post-falls,id,44194,Post Falls
rexburg,id,40462,Rexburg
twin-falls,id,54300,Twin Falls
addison,il,35127,Addison
algonquin,il,29951,Algonquin
alton,il,25217,Alton
arlington-heights,il,75195,Arlington Heights
aurora,il,177866,Aurora
bartlett,il,40154,Bartlett
batavia,il,26122,Batavia
belleville,il,41295,Belleville
belvidere,il,25169,Belvidere
berwyn,il,55021,Berwyn
bloomingdale,il,22324,Bloomingdale
bloomington,il,78864,Bloomington
blue-island,il,21714,Blue Island
bolingbrook,il,74031,Bolingbrook
buffalo-grove,il,42569,Buffalo Grove
burbank,il,28433,Burbank
calumet-city,il,34709,Calumet City
carbondale,il,21717,Carbondale
carol-stream,il,39044,Carol Stream
carpentersville,il,37288,Carpentersville
champaign,il,89241,Champaign
chicago,il,2665039,Chicago
chicago-heights,il,26465,Chicago Heights
cicero,il,81919,Cicero
collinsville,il,23972,Collinsville
crest-hill,il,20158,Crest Hill
crystal-lake,il,40661,Crystal Lake
danville,il,28472,Danville
darien,il,21584,Darien
decatur,il,69097,Decatur
dekalb,il,40220,DeKalb
des-plaines,il,58594,Des Plaines
dolton,il,20621,Dolton
downers-grove,il,49354,Downers Grove
east-moline,il,20874,East Moline
east-peoria,il,22136,East Peoria
edwardsville,il,26654,Edwardsville
elgin,il,113177,Elgin
elk-grove-village,il,31659,Elk Grove Village
elmhurst,il,45272,Elmhurst
elmwood-park,il,23604,Elmwood Park
evanston,il,75544,Evanston
frankfort,il,20677,Frankfort
freeport,il,23413,Freeport
galesburg,il,29255,Galesburg
geneva,il,21228,Geneva
glen-ellyn,il,28364,Glen Ellyn
glendale-heights,il,32484,Glendale Heights
glenview,il,47258,Glenview
granite-city,il,27121,Granite City
grayslake,il,20968,Grayslake
gurnee,il,30303,Gurnee
hanover-park,il,36376,Hanover Park
highland-park,il,30163,Highland Park
hoffman-estates,il,50682,Hoffman Estates
homer-glen,il,24446,Homer Glen
huntley,il,28138,Huntley
joliet,il,150033,Joliet
kankakee,il,23602,Kankakee
lake-in-the-hills,il,28700,Lake in the Hills
lansing,il,28000,Lansing
libertyville,il,20402,Libertyville
lisle,il,23258,Lisle
lockport,il,26105,Lockport
lombard,il,43856,Lombard
loves-park,il,23365,Loves Park
machesney-park,il,22752,Machesney Park
maywood,il,22932,Maywood
mchenry,il,28117,McHenry
melrose-park,il,23897,Melrose Park
moline,il,42028,Moline
montgomery,il,21799,Montgomery
morton-grove,il,24371,Morton Grove
mount-prospect,il,54843,Mount Prospect
mundelein,il,31612,Mundelein
naperville,il,149936,Naperville
new-lenox,il,27594,New Lenox
niles,il,29805,Niles
normal,il,52838,Normal
north-chicago,il,30490,North Chicago
northbrook,il,34182,Northbrook
ofallon,il,32140,O'Fallon
oak-forest,il,26460,Oak Forest
oak-lawn,il,56286,Oak Lawn
oak-park,il,52553,Oak Park
orland-park,il,57511,Orland Park
oswego,il,35850,Oswego
palatine,il,65485,Palatine
park-forest,il,20954,Park Forest
park-ridge,il,38278,Park Ridge
pekin,il,31260,Pekin
peoria,il,111021,Peoria
plainfield,il,46243,Plainfield
quincy,il,38942,Quincy
rock-island,il,36256,Rock Island
rockford,il,146713,Rockford
rolling-meadows,il,23564,Rolling Meadows
romeoville,il,40117,Romeoville
roselle,il,22505,Roselle
round-lake-beach,il,26879,Round Lake Beach
schaumburg,il,76225,Schaumburg
skokie,il,65497,Skokie
south-elgin,il,24007,South Elgin
south-holland,il,20685,South Holland
springfield,il,113273,Springfield
st-charles,il,32750,St. Charles
streamwood,il,38151,Streamwood
tinley-park,il,54287,Tinley Park
urbana,il,38468,Urbana
vernon-hills,il,26759,Vernon Hills
villa-park,il,21791,Villa Park
waukegan,il,87976,Waukegan
west-chicago,il,25166,West Chicago
westmont,il,23976,Westmont
wheaton,il,52984,Wheaton
wheeling,il,37936,Wheeling
wilmette,il,27264,Wilmette
woodridge,il,33587,Woodridge
woodstock,il,25665,Woodstock
yorkville,il,23835,Yorkville
zion,il,24315,Zion
anderson,in,55099,Anderson
avon,in,23611,Avon
bloomington,in,79107,Bloomington
brownsburg,in,31193,Brownsburg
carmel,in,101964,Carmel
clarksville,in,21782,Clarksville
columbus,in,51268,Columbus
crown-point,in,34526,Crown Point
east-chicago,in,25968,East Chicago
elkhart,in,53801,Elkhart
evansville,in,115749,Evansville
fishers,in,101966,Fishers
fort-wayne,in,267927,Fort Wayne
franklin,in,25728,Franklin
gary,in,67972,Gary
goshen,in,34375,Goshen
greenfield,in,24785,Greenfield
greenwood,in,65406,Greenwood
hammond,in,76575,Hammond
highland,in,23622,Highland
hobart,in,29458,Hobart
indianapolis,in,880621,Indianapolis
jeffersonville,in,51030,Jeffersonville
kokomo,in,59671,Kokomo
la-porte,in,22198,La Porte
lafayette,in,71402,Lafayette
lawrence,in,49276,Lawrence
marion,in,28030,Marion
merrillville,in,36233,Merrillville
michigan-city,in,31792,Michigan City
mishawaka,in,50913,Mishawaka
muncie,in,65076,Muncie
munster,in,23664,Munster
new-albany,in,37506,New Albany
noblesville,in,72748,Noblesville
plainfield,in,36074,Plainfield
portage,in,38327,Portage
richmond,in,35513,Richmond
schererville,in,29668,Schererville
seymour,in,21618,Seymour
shelbyville,in,20159,Shelbyville
south-bend,in,103110,South Bend
st-john,in,22847,St. John
terre-haute,in,58335,Terre Haute
valparaiso,in,34565,Valparaiso
west-lafayette,in,45060,West Lafayette
westfield,in,54605,Westfield
zionsville,in,31982,Zionsville
altoona,ia,21503,Altoona
ames,ia,66950,Ames
ankeny,ia,72222,Ankeny
bettendorf,ia,39548,Bettendorf
burlington,ia,23611,Burlington
cedar-falls,ia,40746,Cedar Falls
cedar-rapids,ia,136429,Cedar Rapids
clinton,ia,24391,Clinton
coralville,ia,23125,Coralville
council-bluffs,ia,62405,Council Bluffs
davenport,ia,100486,Davenport
des-moines,ia,211034,Des Moines
dubuque,ia,58873,Dubuque
fort-dodge,ia,24657,Fort Dodge
iowa-city,ia,75233,Iowa City
johnston,ia,24390,Johnston
marion,ia,41864,Marion
marshalltown,ia,27433,Marshalltown
mason-city,ia,26924,Mason City
muscatine,ia,23413,Muscatine
north-liberty,ia,21399,North Liberty
ottumwa,ia,25175,Ottumwa
sioux-city,ia,85497,Sioux City
urbandale,ia,46648,Urbandale
waterloo,ia,66562,Waterloo
waukee,ia,29167,Waukee
west-des-moines,ia,70741,West Des Moines
derby,ks,25939,Derby
dodge-city,ks,27422,Dodge City
emporia,ks,23941,Emporia
garden-city,ks,27519,Garden City
gardner,ks,24206,Gardner
hays,ks,21136,Hays
hutchinson,ks,39699,Hutchinson
junction-city,ks,22264,Junction City
kansas-city,ks,153345,Kansas City
lawrence,ks,95794,Lawrence
leavenworth,ks,37081,Leavenworth
leawood,ks,33713,Leawood
lenexa,ks,58617,Lenexa
manhattan,ks,53829,Manhattan
olathe,ks,145616,Olathe
overland-park,ks,197726,Overland Park
pittsburg,ks,20658,Pittsburg
prairie-village,ks,22947,Prairie Village
salina,ks,46231,Salina
shawnee,ks,69198,Shawnee
topeka,ks,125449,Topeka
wichita,ks,396192,Wichita
ashland,ky,21342,Ashland
bowling-green,ky,74926,Bowling Green
covington,ky,40956,Covington
elizabethtown,ky,31892,Elizabethtown
florence,ky,32618,Florence
frankfort,ky,28391,Frankfort
georgetown,ky,38780,Georgetown
henderson,ky,27697,Henderson
hopkinsville,ky,30927,Hopkinsville
independence,ky,29326,Independence
jeffersontown,ky,28621,Jeffersontown
lexington-fayette-urban-county,ky,320347,Lexington-Fayette urban county
louisville,ky,624444,Louisville
nicholasville,ky,31955,Nicholasville
owensboro,ky,60037,Owensboro
paducah,ky,26834,Paducah
radcliff,ky,22953,Radcliff
richmond,ky,36129,Richmond
alexandria,la,44004,Alexandria
baton-rouge,la,221453,Baton Rouge
bossier-city,la,62635,Bossier City
central,la,29735,Central
hammond,la,21588,Hammond
houma,la,31775,Houma
kenner,la,64007,Kenner
lafayette,la,121389,Lafayette
lake-charles,la,79113,Lake Charles
monroe,la,46820,Monroe
new-iberia,la,27473,New Iberia
new-orleans,la,369749,New Orleans
ruston,la,22295,Ruston
shreveport,la,180153,Shreveport
slidell,la,28649,Slidell
sulphur,la,20342,Sulphur
auburn,me,24193,Auburn
bangor,me,31588,Bangor
biddeford,me,22450,Biddeford
lewiston,me,38493,Lewiston
portland,me,68424,Portland
saco,me,20872,Saco
sanford,me,22266,Sanford
south-portland,me,27026,South Portland
westbrook,me,20645,Westbrook
annapolis,md,40648,Annapolis
baltimore,md,569931,Baltimore
bowie,md,57192,Bowie
college-park,md,34190,College Park
frederick,md,82175,Frederick
gaithersburg,md,68952,Gaithersburg
greenbelt,md,24360,Greenbelt
hagerstown,md,43701,Hagerstown
hyattsville,md,20675,Hyattsville
laurel,md,29352,Laurel
rockville,md,66924,Rockville
salisbury,md,33209,Salisbury
westminster,md,20393,Westminster
agawam-town,ma,28393,Agawam Town
amherst,ma,40059,Amherst
attleboro,ma,46601,Attleboro
barnstable-town,ma,49532,Barnstable Town
beverly,ma,42235,Beverly
boston,ma,650706,Boston
braintree-town,ma,38567,Braintree Town
bridgewater-town,ma,28780,Bridgewater Town
brockton,ma,104826,Brockton
cambridge,ma,118488,Cambridge
chelsea,ma,38637,Chelsea
chicopee,ma,54980,Chicopee
everett,ma,49350,Everett
fall-river,ma,93682,Fall River
fitchburg,ma,41502,Fitchburg
framingham,ma,70963,Framingham
franklin-town,ma,33656,Franklin Town
gardner,ma,20902,Gardner
gloucester,ma,29836,Gloucester
haverhill,ma,67153,Haverhill
holyoke,ma,37720,Holyoke
lawrence,ma,87954,Lawrence
leominster,ma,43646,Leominster
lowell,ma,113608,Lowell
lynn,ma,100891,Lynn
malden,ma,64712,Malden
marlborough,ma,40971,Marlborough
medford,ma,65399,Medford
melrose,ma,29155,Melrose
methuen-town,ma,53241,Methuen Town
new-bedford,ma,100682,New Bedford
newton,ma,87381,Newton
north-attleborough-town,ma,30930,North Attleborough Town
northampton,ma,29327,Northampton
peabody,ma,53896,Peabody
pittsfield,ma,43310,Pittsfield
quincy,ma,101727,Quincy
randolph-town,ma,34530,Randolph Town
revere,ma,58528,Revere
salem,ma,44722,Salem
somerville,ma,79762,Somerville
springfield,ma,154064,Springfield
taunton,ma,59922,Taunton
waltham,ma,64065,Waltham
watertown,ma,35022,Watertown
west-springfield,ma,28501,West Springfield
westfield,ma,40535,Westfield
weymouth,ma,57410,Weymouth
woburn,ma,41248,Woburn
worcester,ma,205319,Worcester
adrian,mi,20442,Adrian
allen-park,mi,28040,Allen Park
ann-arbor,mi,119875,Ann Arbor
auburn-hills,mi,25485,Auburn Hills
battle-creek,mi,52123,Battle Creek
bay-city,mi,32268,Bay City
birmingham,mi,21715,Birmingham
burton,mi,29449,Burton
dearborn,mi,107710,Dearborn
dearborn-heights,mi,61980,Dearborn Heights
detroit,mi,620376,Detroit
east-lansing,mi,47340,East Lansing
eastpointe,mi,33806,Eastpointe
farmington-hills,mi,82737,Farmington Hills
flint,mi,79854,Flint
garden-city,mi,26815,Garden City
grand-rapids,mi,196908,Grand Rapids
hamtramck,mi,27834,Hamtramck
holland,mi,34006,Holland
inkster,mi,25527,Inkster
jackson,mi,31031,Jackson
kalamazoo,mi,72873,Kalamazoo
kentwood,mi,54077,Kentwood
lansing,mi,112537,Lansing
lincoln-park,mi,39371,Lincoln Park
livonia,mi,93779,Livonia
madison-heights,mi,28281,Madison Heights
marquette,mi,20786,Marquette
midland,mi,42512,Midland
monroe,mi,20295,Monroe
mount-pleasant,mi,21094,Mount Pleasant
muskegon,mi,38220,Muskegon
norton-shores,mi,25003,Norton Shores
novi,mi,66372,Novi
oak-park,mi,29108,Oak Park
pontiac,mi,61854,Pontiac
port-huron,mi,28626,Port Huron
portage,mi,48978,Portage
rochester-hills,mi,75936,Rochester Hills
romulus,mi,25082,Romulus
roseville,mi,46812,Roseville
royal-oak,mi,57495,Royal Oak
saginaw,mi,43477,Saginaw
southfield,mi,75431,Southfield
southgate,mi,29699,Southgate
st-clair-shores,mi,57742,St. Clair Shores
sterling-heights,mi,132567,Sterling Heights
taylor,mi,62258,Taylor
troy,mi,87201,Troy
walker,mi,25086,Walker
warren,mi,137107,Warren
westland,mi,84037,Westland
wyandotte,mi,24503,Wyandotte
wyoming,mi,76726,Wyoming
andover,mn,32928,Andover
apple-valley,mn,55416,Apple Valley
austin,mn,26208,Austin
blaine,mn,71739,Blaine
bloomington,mn,87797,Bloomington
brooklyn-center,mn,32217,Brooklyn Center
brooklyn-park,mn,83324,Brooklyn Park
burnsville,mn,63936,Burnsville
champlin,mn,23112,Champlin
chanhassen,mn,26224,Chanhassen
chaska,mn,28262,Chaska
columbia-heights,mn,22243,Columbia Heights
coon-rapids,mn,62785,Coon Rapids
cottage-grove,mn,41033,Cottage Grove
crystal,mn,22265,Crystal
duluth,mn,86619,Duluth
eagan,mn,67534,Eagan
eden-prairie,mn,62476,Eden Prairie
edina,mn,52437,Edina
elk-river,mn,26750,Elk River
faribault,mn,24518,Faribault
farmington,mn,23566,Farmington
forest-lake,mn,20857,Forest Lake
fridley,mn,30289,Fridley
golden-valley,mn,21545,Golden Valley
hastings,mn,21712,Hastings
inver-grove-heights,mn,35701,Inver Grove Heights
lakeville,mn,74553,Lakeville
lino-lakes,mn,21973,Lino Lakes
mankato,mn,45140,Mankato
maple-grove,mn,70582,Maple Grove
maplewood,mn,40000,Maplewood
minneapolis,mn,425096,Minneapolis
minnetonka,mn,52544,Minnetonka
moorhead,mn,44861,Moorhead
new-brighton,mn,22413,New Brighton
new-hope,mn,21035,New Hope
northfield,mn,20924,Northfield
oakdale,mn,27799,Oakdale
otsego,mn,22424,Otsego
owatonna,mn,26470,Owatonna
plymouth,mn,78683,Plymouth
prior-lake,mn,28133,Prior Lake
ramsey,mn,28333,Ramsey
richfield,mn,36710,Richfield
rochester,mn,121878,Rochester
rosemount,mn,27081,Rosemount
roseville,mn,35627,Roseville
savage,mn,32893,Savage
shakopee,mn,45735,Shakopee
shoreview,mn,26632,Shoreview
south-st-paul,mn,20506,South St. Paul
st-cloud,mn,69568,St. Cloud
st-louis-park,mn,48827,St. Louis Park
st-paul,mn,303176,St. Paul
west-st-paul,mn,21794,West St. Paul
white-bear-lake,mn,23588,White Bear Lake
willmar,mn,21282,Willmar
winona,mn,25842,Winona
woodbury,mn,78561,Woodbury
biloxi,ms,49118,Biloxi
brandon,ms,25502,Brandon
clinton,ms,26996,Clinton
columbus,ms,23273,Columbus
greenville,ms,28017,Greenville
gulfport,ms,72236,Gulfport
hattiesburg,ms,48455,Hattiesburg
horn-lake,ms,26550,Horn Lake
jackson,ms,145995,Jackson
madison,ms,27775,Madison
meridian,ms,33816,Meridian
olive-branch,ms,47086,Olive Branch
oxford,ms,26437,Oxford
pascagoula,ms,21650,Pascagoula
pearl,ms,27682,Pearl
ridgeland,ms,24404,Ridgeland
southaven,ms,56360,Southaven
starkville,ms,24168,Starkville
tupelo,ms,37748,Tupelo
vicksburg,ms,20391,Vicksburg
arnold,mo,20845,Arnold
ballwin,mo,30622,Ballwin
belton,mo,25420,Belton
blue-springs,mo,59518,Blue Springs
cape-girardeau,mo,40377,Cape Girardeau
chesterfield,mo,49327,Chesterfield
columbia,mo,128555,Columbia
florissant,mo,51506,Florissant
gladstone,mo,26907,Gladstone
grandview,mo,25610,Grandview
hazelwood,mo,25047,Hazelwood
independence,mo,121202,Independence
jefferson-city,mo,42528,Jefferson City
joplin,mo,52518,Joplin
kansas-city,mo,509297,Kansas City
kirkwood,mo,29279,Kirkwood
lees-summit,mo,103465,Lee's Summit
liberty,mo,30775,Liberty
maryland-heights,mo,27769,Maryland Heights
nixa,mo,24749,Nixa
ofallon,mo,93663,O'Fallon
ozark,mo,22512,Ozark
raymore,mo,24203,Raymore
raytown,mo,29312,Raytown
rolla,mo,20322,Rolla
sedalia,mo,21947,Sedalia
springfield,mo,170067,Springfield
st-charles,mo,71184,St. Charles
st-joseph,mo,70656,St. Joseph
st-louis,mo,286578,St. Louis
st-peters,mo,58523,St. Peters
university-city,mo,34355,University City
webster-groves,mo,23610,Webster Groves
wentzville,mo,47197,Wentzville
wildwood,mo,34954,Wildwood
billings,mt,119960,Billings
bozeman,mt,56123,Bozeman
butte-silver-bow-balance,mt,35416,Butte-Silver Bow (balance)
great-falls,mt,60382,Great Falls
helena,mt,33885,Helena
kalispell,mt,28450,Kalispell
missoula,mt,76955,Missoula
bellevue,ne,63015,Bellevue
columbus,ne,24195,Columbus
fremont,ne,27318,Fremont
grand-island,ne,52513,Grand Island
hastings,ne,24927,Hastings
kearney,ne,34277,Kearney
lincoln,ne,292627,Lincoln
norfolk,ne,25928,Norfolk
north-platte,ne,22722,North Platte
omaha,ne,485153,Omaha
papillion,ne,23794,Papillion
carson-city,nv,58130,Carson City
elko,nv,20756,Elko
fernley,nv,24261,Fernley
henderson,nv,331415,Henderson
las-vegas,nv,656274,Las Vegas
mesquite,nv,21992,Mesquite
north-las-vegas,nv,280543,North Las Vegas
reno,nv,273448,Reno
sparks,nv,109226,Sparks
concord,nh,44503,Concord
dover,nh,33416,Dover
keene,nh,22774,Keene
manchester,nh,115141,Manchester
nashua,nh,91161,Nashua
portsmouth,nh,22713,Portsmouth
rochester,nh,33169,Rochester
atlantic-city,nj,38561,Atlantic City
bayonne,nj,69527,Bayonne
bergenfield,nj,28163,Bergenfield
bridgeton,nj,26410,Bridgeton
camden,nj,70996,Camden
carteret,nj,25176,Carteret
cliffside-park,nj,25560,Cliffside Park
clifton,nj,88709,Clifton
east-orange,nj,68446,East Orange
elizabeth,nj,134283,Elizabeth
elmwood-park,nj,21233,Elmwood Park
englewood,nj,29034,Englewood
fair-lawn,nj,35279,Fair Lawn
fort-lee,nj,39688,Fort Lee
garfield,nj,32412,Garfield
glassboro,nj,23600,Glassboro
hackensack,nj,45633,Hackensack
hoboken,nj,57703,Hoboken
jersey-city,nj,286670,Jersey City
kearny,nj,39862,Kearny
linden,nj,43352,Linden
lindenwold,nj,21595,Lindenwold
lodi,nj,25786,Lodi
long-branch,nj,32434,Long Branch
millville,nj,27308,Millville
morristown,nj,20339,Morristown
new-brunswick,nj,55998,New Brunswick
newark,nj,305344,Newark
north-plainfield,nj,22637,North Plainfield
palisades-park,nj,20106,Palisades Park
paramus,nj,26359,Paramus
passaic,nj,69128,Passaic
paterson,nj,156661,Paterson
perth-amboy,nj,55357,Perth Amboy
plainfield,nj,54513,Plainfield
pleasantville,nj,20662,Pleasantville
princeton,nj,30377,Princeton
rahway,nj,29693,Rahway
ridgewood,nj,26168,Ridgewood
roselle,nj,22327,Roselle
sayreville,nj,45123,Sayreville
secaucus,nj,21108,Secaucus
south-plainfield,nj,24228,South Plainfield
summit,nj,22342,Summit
trenton,nj,89661,Trenton
union-city,nj,65366,Union City
vineland,nj,60491,Vineland
west-new-york,nj,51981,West New York
westfield,nj,30539,Westfield
alamogordo,nm,31309,Alamogordo
albuquerque,nm,561008,Albuquerque
carlsbad,nm,31612,Carlsbad
clovis,nm,37902,Clovis
farmington,nm,46127,Farmington
gallup,nm,20932,Gallup
hobbs,nm,39648,Hobbs
las-cruces,nm,113888,Las Cruces
rio-rancho,nm,108082,Rio Rancho
roswell,nm,47390,Roswell
santa-fe,nm,89008,Santa Fe
albany,ny,100826,Albany
auburn,ny,26081,Auburn
binghamton,ny,47115,Binghamton
buffalo,ny,276486,Buffalo
elmira,ny,25852,Elmira
freeport,ny,43886,Freeport
garden-city,ny,22891,Garden City
glen-cove,ny,27997,Glen Cove
harrison,ny,29369,Harrison
hempstead,ny,58331,Hempstead
ithaca,ny,32870,Ithaca
jamestown,ny,28243,Jamestown
kingston,ny,23916,Kingston
kiryas-joel,ny,38998,Kiryas Joel
lindenhurst,ny,27064,Lindenhurst
lockport,ny,20602,Lockport
long-beach,ny,34604,Long Beach
lynbrook,ny,20128,Lynbrook
middletown,ny,30207,Middletown
mineola,ny,21225,Mineola
mount-vernon,ny,71714,Mount Vernon
new-rochelle,ny,82288,New Rochelle
new-york,ny,8335897,New York
newburgh,ny,28501,Newburgh
niagara-falls,ny,47993,Niagara Falls
north-tonawanda,ny,30235,North Tonawanda
ossining,ny,26633,Ossining
peekskill,ny,25514,Peekskill
port-chester,ny,30823,Port Chester
poughkeepsie,ny,32010,Poughkeepsie
rochester,ny,209352,Rochester
rockville-centre,ny,25662,Rockville Centre
rome,ny,31735,Rome
saratoga-springs,ny,28593,Saratoga Springs
schenectady,ny,68809,Schenectady
spring-valley,ny,32884,Spring Valley
syracuse,ny,144451,Syracuse
troy,ny,50895,Troy
utica,ny,64081,Utica
valley-stream,ny,40115,Valley Stream
watertown,ny,24451,Watertown
white-plains,ny,59316,White Plains
yonkers,ny,208121,Yonkers
apex,nc,71065,Apex
asheboro,nc,27482,Asheboro
asheville,nc,93776,Asheville
burlington,nc,59287,Burlington
carrboro,nc,21298,Carrboro
cary,nc,180388,Cary
chapel-hill,nc,62098,Chapel Hill
charlotte,nc,897720,Charlotte
clayton,nc,29445,Clayton
clemmons,nc,21823,Clemmons
concord,nc,109896,Concord
cornelius,nc,32294,Cornelius
durham,nc,291928,Durham
fayetteville,nc,208873,Fayetteville
fuquay-varina,nc,40810,Fuquay-Varina
garner,nc,33669,Garner
gastonia,nc,82653,Gastonia
goldsboro,nc,33215,Goldsboro
greensboro,nc,301115,Greensboro
greenville,nc,89233,Greenville
hickory,nc,44084,Hickory
high-point,nc,115067,High Point
holly-springs,nc,45945,Holly Springs
huntersville,nc,63035,Huntersville
indian-trail,nc,41724,Indian Trail
jacksonville,nc,70420,Jacksonville
kannapolis,nc,55448,Kannapolis
kernersville,nc,27763,Kernersville
leland,nc,28591,Leland
matthews,nc,30124,Matthews
mint-hill,nc,27143,Mint Hill
monroe,nc,36018,Monroe
mooresville,nc,52656,Mooresville
morrisville,nc,31493,Morrisville
new-bern,nc,31539,New Bern
raleigh,nc,476587,Raleigh
rocky-mount,nc,54013,Rocky Mount
salisbury,nc,35808,Salisbury
sanford,nc,31224,Sanford
shelby,nc,21855,Shelby
statesville,nc,29681,Statesville
thomasville,nc,27399,Thomasville
wake-forest,nc,51113,Wake Forest
waxhaw,nc,22533,Waxhaw
wilmington,nc,120324,Wilmington
wilson,nc,47606,Wilson
winston-salem,nc,251350,Winston-Salem
bismarck,nd,74445,Bismarck
dickinson,nd,24979,Dickinson
fargo,nd,131444,Fargo
grand-forks,nd,58692,Grand Forks
mandan,nd,24486,Mandan
minot,nd,47759,Minot
west-fargo,nd,39985,West Fargo
williston,nd,27029,Williston
akron,oh,188509,Akron
alliance,oh,21414,Alliance
athens,oh,20820,Athens
avon,oh,25375,Avon
avon-lake,oh,25617,Avon Lake
barberton,oh,24826,Barberton
beavercreek,oh,46942,Beavercreek
bowling-green,oh,29647,Bowling Green
brunswick,oh,35196,Brunswick
canton,oh,69671,Canton
centerville,oh,25156,Centerville
chillicothe,oh,21921,Chillicothe
cincinnati,oh,309513,Cincinnati
cleveland,oh,361607,Cleveland
cleveland-heights,oh,44201,Cleveland Heights
columbus,oh,907971,Columbus
cuyahoga-falls,oh,50655,Cuyahoga Falls
dayton,oh,135944,Dayton
delaware,oh,43895,Delaware
dublin,oh,48998,Dublin
elyria,oh,52908,Elyria
euclid,oh,48496,Euclid
fairborn,oh,34977,Fairborn
fairfield,oh,44456,Fairfield
findlay,oh,40249,Findlay
gahanna,oh,35127,Gahanna
garfield-heights,oh,29072,Garfield Heights
green,oh,27269,Green
grove-city,oh,42233,Grove City
hamilton,oh,62937,Hamilton
hilliard,oh,37377,Hilliard
huber-heights,oh,43321,Huber Heights
hudson,oh,22917,Hudson
kent,oh,27147,Kent
kettering,oh,57027,Kettering
lakewood,oh,49658,Lakewood
lancaster,oh,41174,Lancaster
lebanon,oh,21483,Lebanon
lima,oh,34977,Lima
lorain,oh,65365,Lorain
mansfield,oh,47865,Mansfield
maple-heights,oh,23136,Maple Heights
marion,oh,35327,Marion
marysville,oh,27157,Marysville
mason,oh,35520,Mason
massillon,oh,32292,Massillon
medina,oh,26033,Medina
mentor,oh,47044,Mentor
middletown,oh,51229,Middletown
newark,oh,50763,Newark
north-olmsted,oh,31724,North Olmsted
north-ridgeville,oh,36824,North Ridgeville
north-royalton,oh,30793,North Royalton
painesville,oh,20642,Painesville
parma,oh,79358,Parma
parma-heights,oh,20389,Parma Heights
perrysburg,oh,25161,Perrysburg
pickerington,oh,24524,Pickerington
piqua,oh,20607,Piqua
reynoldsburg,oh,41117,Reynoldsburg
riverside,oh,24355,Riverside
rocky-river,oh,21346,Rocky River
sandusky,oh,24526,Sandusky
shaker-heights,oh,28723,Shaker Heights
sidney,oh,20290,Sidney
solon,oh,23792,Solon
south-euclid,oh,21395,South Euclid
springfield,oh,58106,Springfield
stow,oh,34216,Stow
strongsville,oh,45725,Strongsville
toledo,oh,266301,Toledo
trotwood,oh,22959,Trotwood
troy,oh,26679,Troy
upper-arlington,oh,36010,Upper Arlington
wadsworth,oh,24521,Wadsworth
warren,oh,38906,Warren
westerville,oh,38466,Westerville
westlake,oh,33907,Westlake
willoughby,oh,24130,Willoughby
wooster,oh,27031,Wooster
xenia,oh,25612,Xenia
youngstown,oh,59144,Youngstown
zanesville,oh,24600,Zanesville
ardmore,ok,24869,Ardmore
bartlesville,ok,37795,Bartlesville
bethany,ok,20447,Bethany
bixby,ok,29800,Bixby
broken-arrow,ok,117911,Broken Arrow
claremore,ok,20174,Claremore
del-city,ok,21388,Del City
duncan,ok,23045,Duncan
edmond,ok,96286,Edmond
enid,ok,50499,Enid
jenks,ok,27141,Jenks
lawton,ok,91542,Lawton
midwest-city,ok,57950,Midwest City
moore,ok,63223,Moore
muskogee,ok,36738,Muskogee
mustang,ok,22232,Mustang
norman,ok,129627,Norman
oklahoma-city,ok,694800,Oklahoma City
owasso,ok,39328,Owasso
ponca-city,ok,24340,Ponca City
sand-springs,ok,20031,Sand Springs
sapulpa,ok,22580,Sapulpa
shawnee,ok,31720,Shawnee
stillwater,ok,49160,Stillwater
tulsa,ok,411867,Tulsa
yukon,ok,25556,Yukon
albany,or,56891,Albany
ashland,or,21285,Ashland
beaverton,or,97053,Beaverton
bend,or,103254,Bend
corvallis,or,60956,Corvallis
eugene,or,177923,Eugene
forest-grove,or,26784,Forest Grove
grants-pass,or,39079,Grants Pass
gresham,or,111621,Gresham
happy-valley,or,26456,Happy Valley
hillsboro,or,107299,Hillsboro
keizer,or,38704,Keizer
klamath-falls,or,21977,Klamath Falls
lake-oswego,or,40108,Lake Oswego
mcminnville,or,34530,McMinnville
medford,or,85556,Medford
milwaukie,or,21375,Milwaukie
newberg,or,25777,Newberg
oregon-city,or,37327,Oregon City
portland,or,635067,Portland
redmond,or,36409,Redmond
roseburg,or,23853,Roseburg
salem,or,177487,Salem
sherwood,or,20030,Sherwood
springfield,or,61400,Springfield
tigard,or,55762,Tigard
tualatin,or,27797,Tualatin
west-linn,or,26931,West Linn
wilsonville,or,26597,Wilsonville
woodburn,or,27290,Woodburn
allentown,pa,125094,Allentown
altoona,pa,43071,Altoona
baldwin,pa,20956,Baldwin
bethel-park,pa,32782,Bethel Park
bethlehem,pa,77617,Bethlehem
carlisle,pa,22203,Carlisle
chambersburg,pa,22172,Chambersburg
chester,pa,33449,Chester
easton,pa,30341,Easton
erie,pa,93511,Erie
harrisburg,pa,50183,Harrisburg
hazleton,pa,29993,Hazleton
lancaster,pa,57453,Lancaster
lebanon,pa,26473,Lebanon
monroeville,pa,28259,Monroeville
murrysville,pa,20724,Murrysville
new-castle,pa,21532,New Castle
norristown,pa,35795,Norristown
philadelphia,pa,1567258,Philadelphia
pittsburgh,pa,302898,Pittsburgh
plum,pa,26662,Plum
pottstown,pa,23377,Pottstown
reading,pa,94858,Reading
scranton,pa,75848,Scranton
state-college,pa,40745,State College
wilkes-barre,pa,44261,Wilkes-Barre
williamsport,pa,27403,Williamsport
york,pa,44845,York
central-falls,ri,22490,Central Falls
cranston,ri,82421,Cranston
east-providence,ri,46691,East Providence
newport,ri,24684,Newport
pawtucket,ri,75066,Pawtucket
providence,ri,189563,Providence
warwick,ri,83016,Warwick
woonsocket,ri,42942,Woonsocket
aiken,sc,32463,Aiken
anderson,sc,29771,Anderson
bluffton,sc,34493,Bluffton
charleston,sc,153672,Charleston
columbia,sc,139698,Columbia
conway,sc,27346,Conway
easley,sc,24463,Easley
florence,sc,40072,Florence
fort-mill,sc,30940,Fort Mill
goose-creek,sc,47618,Goose Creek
greenville,sc,72310,Greenville
greenwood,sc,22454,Greenwood
greer,sc,42090,Greer
hanahan,sc,21462,Hanahan
hilton-head-island,sc,38069,Hilton Head Island
lexington,sc,24626,Lexington
mauldin,sc,26918,Mauldin
mount-pleasant,sc,94545,Mount Pleasant
myrtle-beach,sc,38417,Myrtle Beach
north-augusta,sc,25258,North Augusta
north-charleston,sc,118608,North Charleston
rock-hill,sc,75349,Rock Hill
simpsonville,sc,26748,Simpsonville
spartanburg,sc,38584,Spartanburg
summerville,sc,51617,Summerville
sumter,sc,42757,Sumter
aberdeen,sd,28210,Aberdeen
brookings,sd,23993,Brookings
rapid-city,sd,78824,Rapid City
sioux-falls,sd,202078,Sioux Falls
watertown,sd,23019,Watertown
bartlett,tn,56798,Bartlett
brentwood,tn,45136,Brentwood
bristol,tn,27705,Bristol
chattanooga,tn,184086,Chattanooga
clarksville,tn,176974,Clarksville
cleveland,tn,48557,Cleveland
collierville,tn,51594,Collierville
columbia,tn,45792,Columbia
cookeville,tn,35988,Cookeville
east-ridge,tn,21936,East Ridge
farragut,tn,24817,Farragut
franklin,tn,86895,Franklin
gallatin,tn,48194,Gallatin
germantown,tn,40816,Germantown
hendersonville,tn,62896,Hendersonville
jackson,tn,68380,Jackson
johnson-city,tn,72514,Johnson City
kingsport,tn,56150,Kingsport
knoxville,tn,195889,Knoxville
la-vergne,tn,39281,La Vergne
lebanon,tn,44166,Lebanon
maryville,tn,32716,Maryville
memphis,tn,621056,Memphis
morristown,tn,31425,Morristown
mount-juliet,tn,42548,Mount Juliet
murfreesboro,tn,162398,Murfreesboro
nashville,tn,683622,Nashville
oak-ridge,tn,32614,Oak Ridge
shelbyville,tn,24452,Shelbyville
smyrna,tn,56516,Smyrna
spring-hill,tn,55800,Spring Hill
tullahoma,tn,20830,Tullahoma
abilene,tx,127385,Abilene
alamo,tx,20305,Alamo
allen,tx,111551,Allen
alvin,tx,28205,Alvin
amarillo,tx,201291,Amarillo
anna,tx,23558,Anna
arlington,tx,394602,Arlington
austin,tx,974447,Austin
balch-springs,tx,26947,Balch Springs
baytown,tx,84324,Baytown
beaumont,tx,112089,Beaumont
bedford,tx,48724,Bedford
belton,tx,24327,Belton
benbrook,tx,24437,Benbrook
big-spring,tx,25318,Big Spring
boerne,tx,20707,Boerne
brownsville,tx,189382,Brownsville
bryan,tx,87792,Bryan
burleson,tx,53381,Burleson
carrollton,tx,133820,Carrollton
cedar-hill,tx,48341,Cedar Hill
cedar-park,tx,77642,Cedar Park
celina,tx,34229,Celina
cibolo,tx,34814,Cibolo
cleburne,tx,33826,Cleburne
college-station,tx,124319,College Station
colleyville,tx,25850,Colleyville
conroe,tx,101405,Conroe
converse,tx,29603,Converse
coppell,tx,41926,Coppell
copperas-cove,tx,37964,Copperas Cove
corinth,tx,22875,Corinth
corpus-christi,tx,316239,Corpus Christi
corsicana,tx,25566,Corsicana
dallas,tx,1299544,Dallas
deer-park,tx,33468,Deer Park
del-rio,tx,34543,Del Rio
denison,tx,26328,Denison
denton,tx,150353,Denton
desoto,tx,55968,DeSoto
dickinson,tx,21738,Dickinson
duncanville,tx,39413,Duncanville
eagle-pass,tx,28255,Eagle Pass
edinburg,tx,104294,Edinburg
el-paso,tx,677456,El Paso
ennis,tx,22890,Ennis
euless,tx,60169,Euless
farmers-branch,tx,36286,Farmers Branch
fate,tx,22811,Fate
flower-mound,tx,78486,Flower Mound
forney,tx,32108,Forney
fort-worth,tx,956709,Fort Worth
friendswood,tx,40833,Friendswood
frisco,tx,219587,Frisco
fulshear,tx,34264,Fulshear
galveston,tx,53089,Galveston
garland,tx,240854,Garland
georgetown,tx,86507,Georgetown
grand-prairie,tx,201843,Grand Prairie
grapevine,tx,51226,Grapevine
greenville,tx,31060,Greenville
haltom-city,tx,45525,Haltom City
harker-heights,tx,34102,Harker Heights
harlingen,tx,71678,Harlingen
horizon-city,tx,23314,Horizon City
houston,tx,2302878,Houston
huntsville,tx,47351,Huntsville
hurst,tx,39634,Hurst
hutto,tx,36655,Hutto
irving,tx,254715,Irving
katy,tx,25253,Katy
keller,tx,45252,Keller
kerrville,tx,24752,Kerrville
killeen,tx,159172,Killeen
kingsville,tx,24833,Kingsville
kyle,tx,57470,Kyle
la-porte,tx,36569,La Porte
lake-jackson,tx,27668,Lake Jackson
lancaster,tx,40449,Lancaster
laredo,tx,256187,Laredo
league-city,tx,115418,League City
leander,tx,74375,Leander
lewisville,tx,131215,Lewisville
little-elm,tx,55357,Little Elm
longview,tx,82531,Longview
lubbock,tx,263930,Lubbock
lufkin,tx,34152,Lufkin
mansfield,tx,76724,Mansfield
marshall,tx,23641,Marshall
mcallen,tx,144579,McAllen
mckinney,tx,207507,McKinney
mesquite,tx,147899,Mesquite
midland,tx,134444,Midland
midlothian,tx,38635,Midlothian
mission,tx,86635,Mission
missouri-city,tx,76500,Missouri City
murphy,tx,21175,Murphy
nacogdoches,tx,31990,Nacogdoches
new-braunfels,tx,104707,New Braunfels
north-richland-hills,tx,70663,North Richland Hills
odessa,tx,112906,Odessa
paris,tx,24695,Paris
pasadena,tx,147662,Pasadena
pearland,tx,126949,Pearland
pflugerville,tx,65556,Pflugerville
pharr,tx,80179,Pharr
plano,tx,289547,Plano
port-arthur,tx,55579,Port Arthur
portland,tx,20350,Portland
princeton,tx,22900,Princeton
prosper,tx,37746,Prosper
richardson,tx,118802,Richardson
rockwall,tx,51461,Rockwall
rosenberg,tx,40739,Rosenberg
round-rock,tx,126697,Round Rock
rowlett,tx,65113,Rowlett
sachse,tx,30610,Sachse
saginaw,tx,25319,Saginaw
san-angelo,tx,99112,San Angelo
san-antonio,tx,1472909,San Antonio
san-benito,tx,24665,San Benito
san-juan,tx,35782,San Juan
san-marcos,tx,70301,San Marcos
schertz,tx,43010,Schertz
seguin,tx,33408,Seguin
sherman,tx,45264,Sherman
socorro,tx,37772,Socorro
southlake,tx,31102,Southlake
stephenville,tx,21641,Stephenville
sugar-land,tx,109414,Sugar Land
temple,tx,89458,Temple
terrell,tx,20050,Terrell
texarkana,tx,35778,Texarkana
texas-city,tx,55667,Texas City
the-colony,tx,45367,The Colony
tyler,tx,109286,Tyler
university-park,tx,25032,University Park
victoria,tx,65372,Victoria
waco,tx,143984,Waco
watauga,tx,23050,Watauga
waxahachie,tx,45476,Waxahachie
weatherford,tx,36251,Weatherford
weslaco,tx,42231,Weslaco
wichita-falls,tx,102664,Wichita Falls
wylie,tx,60943,Wylie
american-fork,ut,37268,American Fork
bountiful,ut,44481,Bountiful
cedar-city,ut,38692,Cedar City
clearfield,ut,34062,Clearfield
clinton,ut,23538,Clinton
cottonwood-heights,ut,32420,Cottonwood Heights
draper,ut,50731,Draper
eagle-mountain,ut,54149,Eagle Mountain
farmington,ut,25660,Farmington
herriman,ut,59179,Herriman
holladay,ut,30816,Holladay
hurricane,ut,23077,Hurricane
kaysville,ut,32761,Kaysville
kearns-metroship,ut,37249,Kearns metroship
layton,ut,82601,Layton
lehi,ut,84373,Lehi
logan,ut,54680,Logan
magna-metroship,ut,29668,Magna metroship
midvale,ut,35637,Midvale
millcreek,ut,63034,Millcreek
murray,ut,49463,Murray
north-ogden,ut,21855,North Ogden
north-salt-lake,ut,22537,North Salt Lake
ogden,ut,86825,Ogden
orem,ut,95910,Orem
payson,ut,22516,Payson
pleasant-grove,ut,37630,Pleasant Grove
provo,ut,113523,Provo
riverton,ut,44599,Riverton
roy,ut,38785,Roy
salt-lake-city,ut,204657,Salt Lake City
sandy,ut,93022,Sandy
saratoga-springs,ut,49354,Saratoga Springs
south-jordan,ut,83513,South Jordan
south-salt-lake,ut,26003,South Salt Lake
spanish-fork,ut,44102,Spanish Fork
springville,ut,35832,Springville
st-george,ut,102519,St. George
syracuse,ut,35561,Syracuse
taylorsville,ut,57879,Taylorsville
tooele,ut,38588,Tooele
washington,ut,32709,Washington
west-haven,ut,22395,West Haven
west-jordan,ut,116664,West Jordan
west-valley-city,ut,136650,West Valley City
burlington,vt,44595,Burlington
south-burlington,vt,20624,South Burlington
alexandria,va,155525,Alexandria
blacksburg,va,45610,Blacksburg
charlottesville,va,45373,Charlottesville
chesapeake,va,252488,Chesapeake
christiansburg,va,22562,Christiansburg
culpeper,va,20764,Culpeper
danville,va,42229,Danville
fairfax,va,24835,Fairfax
fredericksburg,va,28757,Fredericksburg
hampton,va,138037,Hampton
harrisonburg,va,51158,Harrisonburg
herndon,va,24167,Herndon
hopewell,va,22962,Hopewell
leesburg,va,48974,Leesburg
lynchburg,va,79287,Lynchburg
manassas,va,42642,Manassas
newport-news,va,184306,Newport News
norfolk,va,232995,Norfolk
petersburg,va,33394,Petersburg
portsmouth,va,97029,Portsmouth
richmond,va,229395,Richmond
roanoke,va,97847,Roanoke
salem,va,25523,Salem
staunton,va,25904,Staunton
suffolk,va,98537,Suffolk
virginia-beach,va,455618,Virginia Beach
waynesboro,va,22808,Waynesboro
winchester,va,27936,Winchester
arlington,wa,21059,Arlington
auburn,wa,84858,Auburn
bainbridge-island,wa,24494,Bainbridge Island
battle-ground,wa,21628,Battle Ground
bellevue,wa,152767,Bellevue
bellingham,wa,93896,Bellingham
bonney-lake,wa,22885,Bonney Lake
bothell,wa,49017,Bothell
bremerton,wa,45415,Bremerton
burien,wa,50806,Burien
camas,wa,27371,Camas
covington,wa,21374,Covington
des-moines,wa,32408,Des Moines
edmonds,wa,42593,Edmonds
everett,wa,111337,Everett
federal-way,wa,97863,Federal Way
issaquah,wa,39344,Issaquah
kenmore,wa,23478,Kenmore
kennewick,wa,84750,Kennewick
kent,wa,134392,Kent
kirkland,wa,92151,Kirkland
lacey,wa,58552,Lacey
lake-stevens,wa,39848,Lake Stevens
lakewood,wa,62572,Lakewood
longview,wa,37782,Longview
lynnwood,wa,43212,Lynnwood
maple-valley,wa,28220,Maple Valley
marysville,wa,72275,Marysville
mercer-island,wa,25172,Mercer Island
mill-creek,wa,20828,Mill Creek
moses-lake,wa,25888,Moses Lake
mount-vernon,wa,35527,Mount Vernon
mountlake-terrace,wa,21543,Mountlake Terrace
mukilteo,wa,21096,Mukilteo
oak-harbor,wa,24403,Oak Harbor
olympia,wa,55669,Olympia
pasco,wa,79315,Pasco
port-angeles,wa,20060,Port Angeles
pullman,wa,32508,Pullman
puyallup,wa,42452,Puyallup
redmond,wa,76732,Redmond
renton,wa,104047,Renton
richland,wa,62821,Richland
sammamish,wa,65845,Sammamish
seatac,wa,30525,SeaTac
seattle,wa,749256,Seattle
shoreline,wa,59690,Shoreline
spokane,wa,230160,Spokane
spokane-valley,wa,107325,Spokane Valley
tacoma,wa,221776,Tacoma
tukwila,wa,21377,Tukwila
tumwater,wa,26369,Tumwater
university-place,wa,34634,University Place
vancouver,wa,194512,Vancouver
walla-walla,wa,33492,Walla Walla
wenatchee,wa,35433,Wenatchee
yakima,wa,97012,Yakima
charleston,wv,47129,Charleston
huntington,wv,45746,Huntington
morgantown,wv,30277,Morgantown
parkersburg,wv,29193,Parkersburg
wheeling,wv,26391,Wheeling
appleton,wi,74511,Appleton
beloit,wi,36449,Beloit
brookfield,wi,41958,Brookfield
caledonia,wi,25208,Caledonia
de-pere,wi,25361,De Pere
eau-claire,wi,69737,Eau Claire
fitchburg,wi,30834,Fitchburg
fond-du-lac,wi,44339,Fond du Lac
franklin,wi,36066,Franklin
germantown,wi,21015,Germantown
green-bay,wi,106095,Green Bay
greenfield,wi,37071,Greenfield
howard,wi,20460,Howard
janesville,wi,65911,Janesville
kenosha,wi,98484,Kenosha
la-crosse,wi,51380,La Crosse
madison,wi,272903,Madison
manitowoc,wi,34570,Manitowoc
menomonee-falls,wi,39246,Menomonee Falls
mequon,wi,25337,Mequon
middleton,wi,22328,Middleton
milwaukee,wi,563305,Milwaukee
mount-pleasant,wi,27597,Mount Pleasant
muskego,wi,25150,Muskego
neenah,wi,27361,Neenah
new-berlin,wi,40315,New Berlin
oak-creek,wi,36087,Oak Creek
oshkosh,wi,65948,Oshkosh
pleasant-prairie,wi,21840,Pleasant Prairie
racine,wi,76462,Racine
sheboygan,wi,49773,Sheboygan
south-milwaukee,wi,20309,South Milwaukee
stevens-point,wi,25716,Stevens Point
sun-prairie,wi,36653,Sun Prairie
superior,wi,26459,Superior
watertown,wi,22784,Watertown
waukesha,wi,70454,Waukesha
wausau,wi,39833,Wausau
wauwatosa,wi,47289,Wauwatosa
west-allis,wi,58950,West Allis
west-bend,wi,31604,West Bend
casper,wy,58543,Casper
cheyenne,wy,64610,Cheyenne
gillette,wy,33264,Gillette
laramie,wy,32035,Laramie
rock-springs,wy,23021,Rock Springs
